#{"t_start": 1654770089.853611, "env_id": null}
r,l,t
-20.800001,28,3.016289
-22.300001,43,3.606094
-24.699999,67,4.802405
-19.9,19,5.775098
-23.5,55,8.740154
-29.800001,118,9.050566
-28.399996,104,9.329267
-20.4,44,11.270689
-22.5,45,11.7403
-21.1,31,12.953585
-26.099997,81,13.531381
-20.300001,23,14.150544
-23.3,53,17.263436
-24.999998,70,17.6574
-26.299997,83,22.026803
-28.499996,105,27.489573
-19.7,17,28.439461
-21.4,34,30.233685
-25.999996,80,34.22664
-50.70008,327,34.466703
-31.000006,130,40.979687
-24.3,63,43.967772
-41.100044,231,46.106848
-36.800026,188,55.428634
-39.300034,233,55.672263
-102.09929,861,56.292903
-18.7,7,56.728834
17.100002,69,59.071926
-19.5,15,59.838911
-18.1,1,59.938129
-27.599995,96,60.684735
-23.8,58,62.805681
-20.7,27,64.14621
-40.30004,223,71.387024
-34.400017,184,72.89678
-25.499998,75,76.785649
-37.000027,190,80.912419
-27.099997,91,81.296993
-38.800034,208,91.236093
18.400002,76,95.142831
-60.89994,509,106.579176
-38.100033,201,116.502882
-71.39976,554,122.713238
-32.50001,165,130.754938
-62.399834,504,141.510182
-189.90115,1799,218.107609
-256.60782,2926,282.371184
-18.9,9,282.837725
-65.89987,479,305.607382
-34.000015,180,314.317183
-22.7,47,316.604885
-231.50371,2155,321.142114
-58.09999,421,341.315037
-30.300018,163,349.089914
-24.699999,67,352.268006
-72.89913,989,363.935213
-68.39983,504,388.404942
-55.90004,419,407.643883
-52.20008,342,423.362257
-192.90135,1749,434.583275
-50.10008,321,449.591681
-43.60005,276,463.756704
-24.699997,87,469.263918
-27.199995,92,474.993558
-315.10883,2991,579.152522
13.900007,121,584.871611
-253.50772,2795,621.309282
-58.499992,425,642.287419
-1205.8575,11900,644.969359
-142.09871,1241,647.782109
-35.40002,174,650.476879
0.59995496,254,659.51944
-2.8000731,308,664.745827
7.799973,202,668.878518
-67.19915,952,690.794627
-24.299868,483,693.560314
-33.09971,631,697.135301
-72.99976,550,723.051358
18.300005,97,727.934268
-39.100067,291,743.363959
-73.19976,572,773.063561
-55.00004,370,791.162135
-282.10678,2641,825.022125
-288.00998,3200,855.510352
-6.3001018,403,874.428092
-237.40428,2274,897.586455
-86.99955,690,906.855215
17.800001,102,911.57014
-70.6991,987,957.534859
-174.60025,1606,973.236439
-30.999712,610,986.979944
-31.500008,135,993.357017
-10.100069,481,995.993695
18.700005,93,1000.270209
15.600003,84,1004.176577
-35.300022,213,1013.961368
-41.700043,277,1026.774254
-66.59922,906,1035.203401
-49.500072,335,1042.193755
-32.40001,144,1048.860732
21.3,27,1050.283415
-87.09955,691,1067.252365
-4.7000957,367,1084.99551
-31.90001,159,1093.658877
23.9,21,1094.649336
11.799988,182,1103.867209
21.9,41,1106.043404
-89.29869,1253,1111.991914
-29.4,134,1113.0385
22.6,14,1113.81252
20.599998,54,1116.4498
19.2,88,1116.550721
-28.599997,106,1121.822506
-20.6,26,1123.151573
9.899967,281,1130.332243
12.900005,191,1132.29121
16.80001,152,1139.478065
22.099998,59,1142.250025
-55.800026,378,1148.169717
-19.7,17,1148.996883
1.2999424,267,1154.779712
21.699999,43,1156.810538
-36.500034,205,1158.662997
20.499998,115,1164.022111
-35.900024,179,1165.283428
21.099998,69,1168.551453
-100.29932,843,1203.595399
-24.699999,67,1206.775874
-23.5,55,1209.380374
20.699999,53,1211.891402
-26.899996,89,1216.034045
19.9,101,1220.829344
-19.300001,13,1221.488049
-21.4,34,1223.103411
-136.89879,1189,1224.533063
21.9,41,1225.163653
-24.3,63,1227.57508
-21.9,39,1229.542171
21.3,47,1231.772132
-28.799997,108,1237.091258
-29.6,116,1243.320009
-47.600067,376,1244.089636
-21.1,31,1245.684786
22.8,32,1247.205809
-21.9,39,1249.109923
-45.900063,279,1257.135525
11.099981,189,1266.216347
-66.19987,482,1272.714494
14.500006,135,1272.939049
22.1,59,1275.89835
20.3,117,1278.599303
-26.099997,121,1285.139306
-19.2,32,1286.841236
-2.2000785,322,1293.579066
22.9,51,1296.142224
-37.100025,231,1299.461955
-26.499996,85,1300.418507
-27.299995,133,1306.117046
-18.1,1,1306.196186
18.800007,152,1308.04401
-28.699997,127,1312.177369
18.4,116,1313.453383
23.1,49,1314.513748
20.5,75,1316.966533
-22.6,46,1319.159019
21.9,21,1320.16982
-25.999998,100,1324.924567
-45.50006,275,1337.590271
-33.09967,611,1343.016134
-11.200022,412,1356.827687
21.5,45,1358.937646
-63.799904,458,1364.371222
-25.299997,93,1368.731806
-49.000072,310,1373.415991
21.4,106,1373.731299
17.000002,70,1377.004116
20.3,117,1378.966764
-28.399996,104,1383.826718
13.600006,124,1389.530965
-20.5,25,1390.722698
20.9,51,1393.14509
-13.000048,410,1412.081414
-21.7,117,1417.505172
20.7,73,1421.060093
23.699999,23,1422.167128
-212.70558,2467,1535.359513
18.700003,113,1540.512286
24.2,38,1542.292957
20.5,35,1543.927306
20.4,36,1545.635698
-380.71292,3707,1547.973419
7.699982,163,1556.046668
-36.500027,225,1556.717541
20.699999,33,1558.388849
-1514.6694,15489,1559.096247
8.09996,219,1567.21022
16.400003,176,1567.356754
15.900012,181,1568.292637
22.8,32,1569.000111
21.0,50,1570.752995
22.099998,59,1571.846539
9.499989,145,1574.754793
22.0,40,1576.955564
13.699998,123,1577.273706
19.3,107,1577.589548
20.8,72,1580.915369
-26.899996,89,1581.232946
16.300005,97,1581.920771
-20.0,40,1583.20484
-35.70002,197,1592.834159
-42.80005,248,1594.153853
-49.000072,370,1599.268269
-18.2,2,1599.410604
-58.6,466,1618.715864
-26.699831,507,1619.547565
23.4,26,1620.062178
-23.999998,100,1624.709497
19.100002,109,1624.709559
21.199999,48,1626.97548
14.500006,135,1631.046874
-19.800001,18,1632.075083
-2.900066,329,1642.852825
20.6,54,1646.02586
-18.1,1,1646.18402
-64.899216,969,1648.78219
-5.2000976,372,1651.099916
23.5,45,1653.592732
22.199999,38,1655.419788
-35.20003,212,1659.507856
-25.699997,77,1663.538962
-21.400002,54,1666.47815
-6.400068,364,1674.926722
20.100002,79,1678.985353
22.0,20,1679.990369
23.0,30,1681.518692
-23.4,54,1684.20431
-45.49945,795,1687.942523
6.599957,314,1700.40278
0.19994584,298,1716.548669
-108.89878,1369,1757.920649
21.5,65,1761.057691
17.500002,105,1766.054853
14.0000105,160,1773.537089
-349.11087,3371,1832.358741
-33.600014,176,1840.54633
-48.50008,325,1858.19301
19.8,62,1861.165936
22.3,17,1862.233345
23.7,23,1863.388055
16.300005,117,1868.952726
-23.699997,77,1872.715217
-29.099998,131,1880.092898
21.599998,84,1884.388823
-12.000025,400,1903.389406
13.499996,145,1910.188924
-449.71704,4337,1926.847817
-155.70227,1917,2001.888683
-14.999918,470,2023.567745
21.6,44,2025.697442
-105.89926,879,2066.495041
21.599998,64,2069.580717
6.9999795,170,2077.459454
3.4999604,265,2089.640359
12.700001,133,2095.965249
-31.300007,213,2106.371205
18.400002,116,2111.952857
22.699999,33,2113.486982
-22.5,45,2115.620536
20.699999,53,2118.205732
12.400006,196,2127.608099
-23.699999,57,2130.484526
-66.299835,503,2154.076847
23.3,27,2155.387632
17.200005,128,2161.291104
20.0,80,2165.03658
-24.799997,68,2168.171838
-856.4428,8385,2172.755128
-26.199995,122,2178.416393
22.1,19,2179.353853
-42.000053,260,2191.441507
-555.40625,5874,2204.029355
23.3,67,2207.160091
-16.599962,446,2213.676218
-33.900017,199,2217.893965
1.8999294,321,2234.13503
-58.999977,410,2234.318012
18.100006,119,2240.503073
1.6999439,263,2247.217298
23.9,41,2249.208601
-4.3000865,343,2256.864531
-30.600012,166,2264.935078
-53.50006,355,2266.528994
20.8,72,2269.139841
20.599998,74,2270.751877
20.699999,73,2274.294381
-234.20387,2182,2275.634414
-23.0,70,2277.983745
-31.300007,133,2282.36759
-28.799995,148,2285.158715
19.200003,128,2291.066178
-60.09996,441,2311.850227
-38.599648,646,2312.675547
-24.799997,68,2315.144489
-38.700035,207,2325.636562
-1.2000595,292,2327.259171
22.1,19,2328.214473
-231.8063,2578,2447.236647
-274.009,3040,2471.757041
-35.10002,171,2480.711613
-11.100058,371,2499.200334
22.0,60,2502.025982
-128.90038,1589,2523.736885
-3.3000903,353,2540.466739
-106.299225,923,2545.012464
21.8,22,2546.058326
19.8,122,2546.198744
21.3,67,2549.268013
-23.5,55,2551.841999
4.5999646,234,2562.781397
21.8,22,2564.052268
23.3,27,2565.456075
-46.900074,329,2582.386759
-18.7,7,2582.819715
-20.800001,28,2584.296106
-22.1,41,2586.254401
-7.9000773,319,2602.594938
22.999998,70,2606.228837
22.699999,73,2610.121445
-43.00005,250,2623.473946
22.8,52,2626.113006
-246.8078,2808,2686.699043
-31.000006,130,2692.761825
-32.40001,144,2699.795316
-13.999964,440,2722.244956
-75.499725,595,2750.208184
14.5000105,155,2757.411489
22.3,57,2760.402727
-1116.0691,11482,2825.265891
-19.799936,498,2848.386383
-33.899628,639,2878.155672
18.900003,91,2882.545665
20.099998,59,2885.377728
-48.600082,346,2901.325298
19.3,47,2903.726455
-14.999983,490,2926.733424
-18.7,7,2927.133651
-21.0,30,2928.684052
-466.018,4480,2972.029022
-744.7701,7288,2974.441004
-26.999996,130,2978.140044
20.0,60,2980.936473
19.600002,84,2985.414268
21.0,50,2988.1664
23.6,24,2989.549282
-48.40007,304,2989.942772
23.1,29,2992.041322
21.699999,43,2995.398928
20.3,117,2997.461164
22.1,39,2997.544586
12.19999,158,3006.443567
9.399981,166,3014.639888
-12.100054,381,3017.322734
21.199999,88,3021.494544
-34.400017,164,3022.474013
21.1,49,3023.864275
20.699999,53,3025.009285
21.699999,43,3025.946199
19.699999,63,3028.935564
18.200003,78,3032.769664
14.100004,179,3033.716365
20.0,60,3035.747333
-42.50005,245,3047.569551
-21.5,55,3050.279433
22.3,57,3053.122206
21.699999,63,3056.202637
20.099998,59,3059.200878
-78.29968,603,3063.760859
20.599998,94,3068.432467
-41.400043,234,3071.139668
-46.700066,287,3082.204116
-38.600033,246,3083.039526
20.199999,38,3084.190246
21.199999,48,3086.523822
19.7,83,3087.240453
21.1,49,3089.053959
22.4,56,3090.111564
21.699999,83,3094.409754
-36.90003,189,3098.762383
-307.1116,3431,3099.416954
21.6,24,3100.215532
18.100002,119,3100.774587
14.300005,97,3105.203241
-49.00008,330,3118.356736
22.3,57,3121.164788
15.300003,127,3127.376768
22.4,36,3129.26484
21.699999,23,3130.459216
-30.599771,586,3134.849184
-43.999565,700,3136.464011
24.0,60,3139.642755
21.3,47,3142.626739
21.0,50,3145.302252
-23.4,74,3149.154994
-0.70006526,287,3150.599203
-59.899963,419,3152.866
16.900003,131,3155.89703
22.8,92,3157.590895
-48.00007,300,3170.927508
-3.300075,313,3186.317333
22.4,16,3187.13015
-86.19956,682,3191.193178
20.199999,138,3193.783991
21.9,101,3196.161973
21.199999,88,3200.480757
15.00001,150,3208.558
23.0,30,3210.606774
-25.499998,95,3215.435207
-44.90006,269,3227.889959
-18.1,1,3227.967581
21.6,24,3229.10991
22.099998,59,3231.898614
-95.49939,795,3233.434012
-18.1,1,3233.520767
21.3,107,3238.45308
10.199968,198,3241.150007
-24.699999,67,3241.599544
21.4,46,3243.759038
-30.700003,147,3248.020204
21.8,62,3250.936619
-25.199997,132,3257.029462
-46.700066,287,3257.113644
16.400002,116,3262.616681
-310.41144,3424,3317.020584
-145.89865,1299,3324.834591
-37.39968,654,3347.45226
19.699999,103,3352.272825
5.0999722,189,3361.128258
23.199999,28,3362.638152
22.0,40,3364.536275
12.700001,113,3369.908192
-22.499865,485,3392.536219
20.8,92,3396.83476
5.699967,203,3406.29136
10.199989,218,3416.355138
-94.398674,1284,3475.808049
23.0,30,3477.27019
15.400003,106,3482.237455
22.0,60,3485.134659
20.8,72,3488.555104
-757.8669,7399,3603.382334
-3.4000754,334,3618.801898
21.699999,83,3622.655426
8.199968,198,3632.014685
-57.99932,840,3670.810819
22.199999,18,3671.702124
-13.799997,438,3691.958307
21.999998,80,3695.719589
-30.100002,121,3701.332984
22.699999,33,3702.891395
-19.9,39,3704.720624
17.900002,121,3710.36848
-689.68353,6717,3799.914988
21.3,87,3804.009529
16.900013,191,3813.101874
19.100002,89,3817.287259
21.4,46,3819.494453
14.500008,195,3828.92626
18.000004,80,3833.457371
11.79999,142,3840.180792
-250.4078,2864,3844.747911
10.49998,235,3856.993356
15.900008,161,3865.028146
8.399985,216,3875.182842
20.9,31,3876.663577
-30.500004,165,3884.638987
23.7,43,3886.665815
-69.89914,959,3887.471124
-1241.8486,12260,3899.047262
-0.10004959,321,3902.137113
23.0,50,3904.746029
21.199999,48,3907.008113
21.699999,43,3909.021366
-13.800013,438,3919.859453
-4.3000865,403,3927.715211
21.199999,68,3930.989079
22.3,77,3934.561964
20.9,91,3938.749891
23.1,29,3940.10365
-20.300001,23,3941.233713
21.199999,128,3947.15953
22.699999,53,3949.637929
15.600005,124,3955.40117
23.5,65,3958.459312
22.199999,58,3961.190787
-156.20241,1922,3977.638195
-49.300076,313,3992.188872
22.3,37,3994.039183
-31.400005,154,4001.284597
-148.09859,1321,4022.660805
11.0999975,189,4031.593477
23.6,24,4032.789695
16.500006,135,4039.065531
-109.09921,911,4043.743785
18.600002,114,4044.423642
21.4,86,4048.674898
-25.099995,131,4055.287267
20.8,132,4062.297419
-33.200012,212,4073.79382
-83.09961,651,4103.914926
22.9,31,4105.391536
22.1,39,4107.252712
19.9,81,4111.162473
20.9,91,4115.39412
22.4,16,4116.170833
17.800005,102,4121.270234
-18.3,3,4121.444445
20.999998,110,4126.605647
-104.9986,1370,4197.82278
22.9,31,4199.299474
-351.311,3333,4210.096651
15.600003,84,4214.338061
-625.09875,6131,4217.093345
22.699999,53,4219.595628
-74.09975,561,4225.672436
2.0999532,339,4230.218878
8.79997,212,4235.689779
-145.59863,1296,4297.456541
22.4,56,4300.10585
19.100002,109,4305.227084
11.299983,167,4313.723511
-60.89995,429,4333.9615
20.100002,119,4339.456609
22.4,16,4340.277715
-488.0196,4740,4449.421731
-260.9055,2429,4462.143184
-108.59922,946,4496.411359
21.199999,68,4499.659476
4.199961,218,4510.386201
-111.69911,1037,4511.889016
21.4,46,4512.808679
21.5,25,4514.096962
20.1,79,4515.924505
21.8,82,4519.892128
16.600008,134,4520.584509
20.9,51,4522.97646
22.9,71,4523.294897
17.700008,163,4530.596911
21.399998,166,4531.053844
22.3,37,4532.433723
21.099998,109,4536.580803
22.499998,115,4541.959225
-36.100025,241,4544.381516
-20.7,27,4545.868797
22.099998,99,4547.14022
-21.1,31,4547.386239
21.3,27,4548.49244
-22.6,46,4549.611896
-19.800001,18,4550.471585
23.5,65,4553.5028
-25.399998,74,4556.949952
21.5,65,4560.271496
22.0,40,4562.557581
3.6999478,303,4563.42736
21.4,86,4566.930567
-35.500023,175,4571.954951
15.900008,161,4574.484969
22.5,35,4576.150895
20.3,97,4576.587138
-23.3,93,4580.936719
-6.300079,343,4598.750129
22.4,116,4605.056589
21.699999,83,4609.017069
-102.59929,886,4621.335293
8.299964,277,4622.204487
-20.7,27,4623.585358
21.3,67,4624.661486
19.5,65,4626.733549
-321.80923,3058,4773.274154
-429.71588,4177,4832.726432
21.9,41,4834.900668
10.999994,170,4843.314313
23.8,42,4845.455299
22.6,54,4849.453712
20.699999,73,4853.083694
22.599998,54,4855.623684
-515.62103,4976,5019.731704
-29.699999,137,5026.515583
-26.899996,89,5030.915589
22.8,32,5032.623357
20.0,80,5036.673936
22.8,52,5039.432263
-21.4,34,5041.093849
13.800005,162,5049.044779
22.4,36,5050.791229
24.3,17,5051.745673
21.699999,83,5055.676714
23.800001,42,5057.739733
-530.92194,5129,5108.789522
22.5,55,5111.44654
-19.800001,18,5112.424062
-20.4,24,5113.641307
-29.099998,131,5120.106856
-26.099997,81,5124.278704
-50.700085,347,5141.076274
-34.80002,168,5149.184407
21.699999,43,5151.218914
19.3,107,5156.396826
-22.4,44,5158.529785
-22.9,69,5161.861416
-38.700035,247,5173.896806
-13.999941,460,5195.887959
21.4,46,5198.116677
17.400005,106,5203.297137
14.00001,200,5213.239741
-64.0999,461,5235.769587
-1.7000614,277,5250.315719
18.900005,171,5259.330812
20.9,111,5264.73155
22.199999,38,5266.639863
23.9,41,5268.653444
21.099998,69,5271.990357
-453.11716,4391,5276.579543
21.8,42,5278.670295
-29.900002,199,5281.909921
9.699989,143,5285.779023
-19.5,55,5288.400844
-36.90003,189,5297.696298
-67.79984,498,5306.03015
20.699999,73,5309.743659
23.5,25,5310.951771
17.500004,125,5316.81682
22.3,57,5319.504241
-15.6999,477,5320.551417
2.2999406,297,5334.562088
1.3999199,346,5335.908644
17.800001,62,5337.554747
24.0,40,5337.890796
23.4,26,5339.141892
-25.599997,76,5341.217611
22.699999,53,5343.770875
22.8,32,5345.377984
22.3,97,5350.014748
-37.50003,235,5350.481878
22.599998,54,5353.035337
-8.500103,385,5368.366636
-9.600058,376,5370.963676
12.900004,211,5380.816137
-19.5,15,5381.578115
13.399988,146,5388.684553
21.6,64,5391.754089
17.200003,108,5396.892213
23.699999,23,5397.996753
22.9,71,5401.358099
21.699999,43,5403.430509
23.4,26,5404.690567
18.900003,111,5409.889743
20.6,34,5411.648893
21.9,41,5413.597229
21.699999,43,5415.708422
-31.000006,130,5421.821704
22.8,72,5425.239695
12.599996,154,5432.572796
18.700003,73,5436.163106
-18.2,2,5436.292518
-161.39943,1494,5440.17103
22.4,56,5443.208987
18.00001,140,5443.792069
21.8,82,5447.81719
22.4,56,5450.5142
21.6,64,5453.701769
5.4999204,325,5459.200773
19.100002,89,5464.194779
17.200006,108,5469.613365
20.999998,90,5474.970993
16.30001,177,5485.082707
20.6,54,5487.846979
-243.30759,2773,5589.936455
16.30001,177,5598.142846
-33.400017,174,5606.316744
9.699951,243,5617.699105
22.1,39,5619.547571
-21.7,77,5623.134516
21.699999,43,5625.167542
24.1,19,5626.076078
13.800005,102,5631.036933
22.699999,33,5632.857433
20.099998,119,5639.048841
20.9,91,5643.728854
-21.9,39,5645.655797
17.800003,122,5651.771458
-365.51187,3475,5654.717155
20.699999,73,5655.771641
20.199999,98,5659.780278
17.000008,190,5665.213662
-23.5,75,5668.92448
21.199999,48,5671.379603
-36.300026,183,5680.153671
-18.399866,484,5683.43415
23.4,46,5685.691109
16.700006,113,5685.691156
-24.4,84,5690.115383
21.8,102,5691.043266
22.9,91,5694.433172
20.5,55,5697.223922
17.100008,149,5698.476542
22.6,34,5700.834473
22.199999,58,5704.328544
22.1,19,5705.402824
-33.300014,153,5713.455407
-2.4000793,324,5730.849627
17.200008,188,5741.234919
-41.800045,238,5754.021929
-80.19898,1102,5758.612119
10.39999,196,5769.739368
3.099959,269,5786.286298
20.6,34,5790.314308
18.900002,71,5795.480771
-22.2,42,5797.989984
-2.9000945,369,5817.52232
22.0,60,5820.860365
-3411.7578,33948,5915.541304
-582.61005,5706,6043.439584
-50.4001,384,6061.858184
21.199999,88,6066.385444
-296.21045,3242,6072.412724
-35.200027,192,6081.877674
-18.2,2,6082.058884
-558.11566,5401,6083.732634
-32.299713,583,6112.509937
21.9,21,6113.611387
21.699999,43,6115.757366
16.400011,156,6123.307456
-6.3001018,383,6141.961905
3.3999448,346,6158.713777
22.199999,58,6162.401153
23.199999,48,6164.687989
21.199999,68,6168.016416
18.900002,71,6171.717809
-297.50772,2795,6206.786064
-54.10005,361,6224.604817
20.099998,99,6229.828109
21.099998,89,6234.376763
-22.6,126,6240.680018
22.999998,130,6247.654603
22.4,56,6250.448041
-29.6,116,6256.167763
9.899982,241,6268.638773
23.3,47,6271.196194
8.099959,259,6284.127037
-219.00551,2550,6301.146463
-98.49867,1265,6348.41393
20.199999,118,6354.507756
-44.100056,261,6368.034155
-149.3987,1354,6370.625862
-23.599998,56,6371.001618
21.5,45,6373.13711
-217.10283,2031,6469.170158
-12.699938,487,6492.928426
5.0999684,289,6506.954494
22.6,54,6509.893326
21.499998,85,6513.869031
21.199999,108,6519.103118
21.199999,48,6521.341873
22.5,35,6522.98563
20.199999,98,6527.826806
20.599998,94,6532.211924
21.599998,84,6536.265937
-68.899826,569,6564.416281
18.800003,92,6568.97256
19.7,103,6573.897345
-20.9,29,6575.322136
21.4,106,6580.448438
20.499998,115,6585.860164
21.6,64,6588.876623
15.700005,143,6595.827405
-479.31894,4633,6597.571983
23.699999,43,6599.614142
20.5,95,6600.34553
23.3,47,6601.85184
22.599998,34,6603.46374
20.9,51,6605.854586
23.8,22,6606.921734
-45.799393,818,6647.006109
-22.1,41,6648.977463
22.8,32,6650.59456
20.8,172,6660.142097
-45.299515,753,6697.444031
22.0,100,6702.097073
-21.2,32,6703.586137
4.4999547,255,6715.321603
21.199999,68,6718.47406
22.3,37,6720.214883
-26.599995,186,6728.778457
-18.3,3,6728.947733
21.5,45,6731.06684
19.4,106,6736.099255
21.099998,109,6741.147261
11.399971,206,6751.496425
22.4,16,6752.610004
18.500002,95,6757.089364
23.3,27,6758.40832
21.5,45,6760.554221
22.199999,118,6766.08955
18.7,53,6768.603902
21.3,147,6775.489043
12.5,175,6783.693264
21.599998,124,6789.443902
16.300009,137,6795.819
18.300003,137,6802.20994
-640.49554,6285,6904.300839
-28.199995,102,6909.029091
20.999998,90,6913.260194
0.3999466,276,6926.022644
22.3,37,6927.773111
21.5,65,6930.891954
10.499987,175,6939.630303
21.199999,128,6945.794815
-22.299784,563,6972.737636
19.6,104,6977.707742
-5.300094,373,6996.954941
21.099998,69,7000.592307
-19.800001,18,7001.689881
21.4,66,7004.933431
18.0,120,7011.199718
12.599971,194,7020.267251
21.599998,64,7023.331487
-20.6,26,7024.785994
-1971.2706,19556,7042.934602
-59.099976,411,7046.095024
21.5,25,7047.485421
20.7,93,7047.889161
21.099998,109,7052.741964
8.59997,194,7057.146399
20.599998,154,7060.052274
15.7000065,143,7064.130595
20.0,120,7065.994597
-19.7,17,7066.926074
21.4,106,7072.346313
11.599974,224,7075.250816
-5.4000964,394,7093.806062
20.8,52,7096.254804
-76.49971,585,7099.840066
-631.49774,6215,7104.894108
-22.7,87,7109.040401
5.99997,260,7112.084029
21.199999,88,7113.241211
25.100006,109,7117.271553
20.3,117,7118.944467
-17.499819,515,7120.796253
22.199999,98,7122.236326
19.2,48,7124.519264
-35.000023,190,7128.750373
20.3,77,7128.850423
22.5,35,7130.623352
-35.10003,191,7130.92878
23.099998,49,7131.683644
-48.700073,327,7148.145879
2.1999536,278,7161.469051
22.199999,38,7163.369547
20.199999,58,7166.373697
17.000004,150,7174.338539
20.1,119,7180.853265
22.699999,73,7185.370819
-134.39883,1164,7191.13393
7.899985,181,7194.505586
21.3,87,7199.138277
-40.40004,224,7210.855856
17.800009,182,7220.560507
-26.099997,141,7227.43712
24.2,18,7228.348954
20.3,57,7231.476825
21.3,67,7234.88372
-22.2,42,7237.021654
15.400004,186,7245.712327
1.2999347,287,7259.82896
-19.0,10,7260.50132
-109.49908,1435,7263.731854
21.599998,84,7268.260741
11.899981,221,7278.894991
-10.400103,424,7281.777116
21.0,30,7283.205717
19.200003,188,7292.103023
22.699999,33,7293.729622
20.9,91,7298.265277
23.3,27,7299.573931
-56.700012,387,7318.600135
20.6,34,7320.226035
-642.58374,6806,7467.037765
19.3,67,7470.31635
20.9,31,7471.794376
12.299999,117,7477.311899
20.9,51,7479.730287
-20.800001,68,7483.001663
22.699999,53,7485.58978
-21.0,30,7487.049321
-19.800001,18,7487.926598
-20.5,25,7489.133336
-551.0056,5830,7603.269383
23.6,44,7605.434485
17.200008,208,7616.293151
21.8,82,7620.753234
20.3,77,7624.604292
-284.80963,3108,7642.317672
21.0,90,7646.748116
-21.300001,33,7648.355274
21.699999,43,7650.704572
21.3,47,7652.916741
19.200003,68,7656.101799
-53.299362,813,7663.209846
10.599995,154,7670.359744
23.0,70,7673.634404
19.6,104,7678.50374
-84.79958,668,7687.217302
-37.500027,215,7688.535979
22.3,37,7688.983179
20.9,31,7690.44943
-22.7,47,7690.840964
23.0,50,7693.238728
22.9,111,7695.946345
21.9,41,7697.86782
20.699999,133,7699.671094
17.10001,149,7707.123
-12.399958,464,7720.543512
-6.300079,323,7722.913997
23.3,47,7725.116161
-38.500034,205,7730.289891
-4.60008,326,7740.181564
5.199965,228,7740.869366
-42.200047,242,7752.287367
-63.699905,457,7761.92519
-20.6,26,7763.207503
-43.40005,274,7765.423414
21.699999,43,7767.44406
-24.899998,69,7770.788217
-47.400066,294,7785.336499
-81.19958,712,7819.851397
-54.700066,427,7841.416641
21.5,45,7843.511519
3.6999516,263,7855.611799
22.4,36,7857.35102
19.6,44,7859.605736
-228.40364,2144,7867.272344
22.8,72,7870.68191
4.2999463,257,7871.704689
-1652.3485,16346,8091.489103
-27.899996,99,8096.650114
15.800005,102,8102.749822
-579.6104,5656,8175.106935
-103.398506,1374,8176.393988
-25.999996,80,8178.987548
18.500002,75,8180.046084
19.400002,66,8182.481821
-18.9,9,8183.473718
-78.199684,602,8215.010596
20.499998,95,8219.587149
22.3,37,8221.528211
-22.0,40,8223.682966
-28.499996,105,8228.886684
22.1,39,8230.81727
-160.39937,1424,8301.358803
-856.6429,8407,8319.825537
-24.999998,70,8323.443768
-318.90903,3009,8342.485561
-19.800001,18,8343.438148
-25.299997,73,8347.211602
-19.5,15,8348.017004
-24.499998,65,8351.44443
-131.79887,1138,8364.041267
-26.699997,87,8369.117818
-28.599997,106,8374.663695
-116.799095,988,8375.417999
-22.9,49,8378.323221
-22.1,41,8380.479284
-20.1,21,8381.580173
-20.4,44,8383.888842
-75.79972,578,8406.66607
-89.59951,716,8423.367423
-40.30004,223,8434.978578
-185.80092,1678,8441.727184
-34.400017,164,8443.465708
-23.1,51,8444.447028
-28.599997,106,8448.93596
-110.79919,928,8455.715539
-31.100006,131,8455.91819
-21.9,39,8457.963741
-21.6,36,8460.022334
-51.700085,337,8462.245912
20.3,57,8465.282894
-47.300068,293,8471.281675
-45.900063,279,8474.58464
-20.6,46,8476.993198
-42.400047,244,8478.0094
-31.500008,135,8485.041894
-22.2,42,8487.179947
-27.599997,136,8494.126972
-21.1,31,8495.761492
-113.19915,952,8529.347406
-121.79899,1078,8530.286778
21.3,27,8531.837184
18.300001,57,8532.880078
-72.39977,564,8576.975283
-45.499542,695,8583.441832
-21.9,39,8585.661637
-264.10568,2461,8650.455151
-25.699997,77,8654.334525
-74.29974,563,8684.010974
-19.5,15,8684.742198
21.6,44,8686.833252
-281.60675,2636,8719.802449
18.100002,79,8723.595207
-275.20648,2592,8725.220318
18.800001,52,8727.704482
-30.700005,127,8729.835961
-155.29906,1373,8796.119998
-33.700016,157,8803.389962
-249.70482,2317,8839.86929
-445.01672,4270,8891.762427
-224.9033,2069,8902.826129
-50.400078,324,8918.889145
-326.30948,3083,9072.279269
-385.7131,3677,9074.572968
-27.699995,97,9079.042394
-20.800001,28,9080.388382
-33.200012,152,9087.398559
-28.599997,106,9092.326193
-112.39916,944,9115.943124
-974.414,9585,9298.083145
-432.81598,4148,9309.953663
-104.89928,869,9339.673028
-31.200006,132,9345.76948
-53.900055,359,9362.263224
-248.2074,2762,9437.678743
-69.699814,517,9461.500807
-55.900024,379,9478.826639
-103.89929,859,9518.484403
18.800001,52,9520.930095
-105.39927,914,9564.602961
-1039.6981,10218,9568.081209
-6.00007,300,9578.492627
-20.4,24,9579.639383
11.599997,124,9585.400434
-38.900036,209,9595.781682
-62.899918,449,9617.723464
-47.90007,299,9634.041739
-154.89903,1369,9636.183404
-28.299995,103,9641.965863
-23.3,53,9644.531045
-46.00006,280,9648.469462
-42.600048,266,9662.452358
-73.599754,556,9672.762568
-35.600037,216,9673.309641
-34.100018,161,9680.686326
-68.49983,505,9698.17655
-124.29895,1083,9749.78423
13.299998,147,9756.645966
20.9,51,9759.029404
-33.400013,154,9766.14604
-116.2991,983,9811.58514
-297.2077,2792,9812.505264
-87.09955,691,9843.425799
-300.5079,2825,9980.437212
22.0,60,9983.27326
-91.99947,740,10019.537966
-1453.8862,14821,10071.634705
-22.9,49,10074.336577
-134.7988,1188,10079.469384
17.000004,90,10079.822019
-43.40005,254,10093.107397
-694.7823,6788,10142.631272
-47.200066,292,10156.169428
-23.4,54,10158.874525
20.699999,73,10163.610817
-42.30005,243,10175.868857
20.5,55,10178.507496
14.500006,115,10184.084893
-25.299997,73,10188.370641
0.39995423,256,10200.892683
-60.79995,428,10221.810641
-451.4171,4334,10427.754488
-40.20004,222,10441.023246
12.6,114,10446.692637
-27.599995,96,10451.308593
-912.629,9027,10519.691701
-19.800001,18,10520.546253
20.699999,53,10523.054745
17.100002,69,10526.255524
-47.600075,316,10540.724436
21.3,67,10543.928871
-356.61133,3386,10617.887174
20.9,51,10620.331565
-747.76886,7318,10901.437008
-34.100025,181,10910.088214
-28.899998,109,10915.889595
-18.1,1,10915.992483
-25.399998,74,10919.690307
-18.3,3,10919.885698
-59.099983,431,10942.074989
-154.299,1363,11011.321465
-831.74884,8138,11409.497241
-38.100033,201,11419.193485
17.100002,69,11422.514517
-3009.4653,29929,11561.866314
-275.6064,2596,11691.402952
-20.7,27,11693.151703
-18.7,7,11693.61858
-102.399315,844,11740.950995
-28.499996,105,11746.075375
-964.9163,9490,11896.165027
-38.400032,204,11905.91002
23.5,25,11907.124103
22.699999,53,11910.289004
-29.900002,119,11916.550844
22.4,56,11919.436406
21.199999,48,11921.912061
-18.1,1,11922.0043
-608.60333,5906,12029.258518
-186.00398,2180,12141.462809
19.3,47,12143.999391
3.6999516,263,12168.401342
-121.29903,1053,12229.076564
-73.99972,580,12257.303208
-36.600025,186,12266.576019
-81.999626,640,12296.169173
19.7,63,12299.159093
-101.19933,832,12337.883045
-23.0,50,12340.244821
-50.80008,328,12355.730891
-266.2058,2502,12472.278389
-19.300001,13,12472.963051
-264.60568,2486,12590.21374
-163.59956,1456,12657.574662
20.4,96,12662.04267
23.5,25,12663.325757
-18.6,26,12664.614288
-1658.2471,16405,12726.575483
23.599998,44,12728.666059
-21.5,75,12732.231926
20.4,136,12738.488186
-101.29933,833,12776.833209
-56.400017,384,12794.73988
20.199999,78,12798.442978
-18.2,2,12798.587428
21.5,45,12800.721277
23.9,21,12801.746058
-671.58795,6536,13103.805443
13.4000025,126,13109.702111
-18.4,24,13110.841087
16.200003,98,13115.442994
22.099998,59,13118.229831
-42.100048,241,13129.379064
21.599998,44,13131.443183
23.199999,28,13132.781458
21.4,46,13134.973515
5.29995,247,13146.451014
17.000002,70,13149.767429
-18.1,1,13149.846243
18.7,113,13155.139715
-26.699997,87,13159.153972
23.0,30,13160.558697
21.3,47,13162.744853
-19.4,14,13163.462192
19.9,121,13169.084503
-19.6,16,13169.887
14.400007,136,13176.207058
21.3,27,13177.520187
20.199999,58,13180.266617
16.800001,132,13186.418383
21.699999,23,13187.533626
-1146.672,11288,13187.965232
-20.0,20,13188.953208
-156.09904,1421,13253.458198
20.199999,98,13258.016038
20.1,39,13259.889457
-127.09998,1551,13332.953199
-42.600048,246,13344.349159
22.0,80,13348.263777
21.0,30,13349.841766
23.5,45,13352.277347
22.0,60,13355.843352
-24.399998,64,13359.027643
-70.09981,521,13383.718227
8.599969,214,13399.049889
-390.4134,3724,13578.902633
20.199999,38,13580.728239
15.000006,110,13586.475811
-104.49925,905,13630.339506
19.9,81,13634.274019
21.4,26,13635.691792
-967.21576,9493,13648.998777
-26.299997,83,13652.901223
-188.90111,1709,13735.600389
-22.300001,43,13737.624479
21.3,47,13739.908388
-333.60992,3156,13788.289932
-524.52155,5065,13994.659895
-14.299955,443,14016.30876
15.700006,103,14021.175833
-25.899998,79,14024.903943
4.6999726,233,14035.938977
-22.2,42,14037.937358
20.199999,78,14041.855454
-28.899998,109,14047.25421
-32.60001,146,14054.230629
-647.6938,6297,14101.740074
-125.998955,1080,14105.264449
-45.60006,276,14114.698619
16.300009,157,14122.166696
-51.600082,336,14138.165407
-79.79966,618,14170.788694
19.6,64,14174.121017
-40.20004,222,14185.066038
-18.8,8,14185.474433
-19.800001,58,14188.246808
20.199999,38,14190.074665
19.5,65,14193.239256
22.6,74,14197.255414
-142.7987,1248,14255.899953
4.099953,239,14266.965086
-29.900002,119,14272.592675
-43.300053,253,14284.327411
19.8,62,14287.206824
16.700003,93,14291.565248
20.4,56,14294.157121
15.500006,105,14299.02988
4.499947,255,14310.776858
20.4,96,14315.235837
-7668.1104,76450,14343.516871
-526.6217,5086,14348.241491
16.000004,120,14349.153504
12.399992,156,14356.375666
-114.799126,968,14359.903352
-35.500023,175,14364.461902
-29.6,116,14369.863857
21.199999,48,14372.129532
-30.600004,126,14378.012761
21.4,46,14380.163004
-87.79954,698,14380.797373
21.3,27,14381.535567
13.4000025,146,14388.271815
-21.1,31,14389.758626
16.600002,94,14394.136533
-19.9,19,14395.069189
-71.09979,531,14405.58081
-76.19901,1042,14408.568356
9.7999935,182,14414.182846
-30.300003,123,14414.462812
-59.49997,415,14414.610767
-28.899998,109,14419.533074
15.800004,142,14421.176175
-23.0,70,14424.785942
-66.49919,965,14466.705693
-132.99886,1150,14470.116968
17.500002,105,14471.769413
-224.8033,2068,14522.987723
-135.99881,1180,14525.03388
-23.199999,52,14525.51601
19.7,83,14528.926139
16.900002,91,14533.194957
14.900006,111,14538.507854
-47.300068,293,14539.338477
-20.1,21,14540.350135
-28.999998,110,14543.689047
-25.799997,78,14547.352881
-47.300068,293,14553.984923
-19.2,12,14554.580249
-213.3026,1953,14562.864124
-19.1,11,14563.397194
-62.79992,448,14575.228158
-21.9,39,14577.047532
-23.0,50,14579.656835
5.799977,222,14590.935655
-24.999998,70,14594.220868
10.299991,157,14602.886435
-66.79986,488,14629.185051
-37.900032,199,14640.732912
-136.7006,1647,14650.24769
20.1,59,14653.686542
-41.900047,239,14669.596642
-24.799997,68,14674.518041
-38.500034,205,14686.697531
-42.30005,243,14703.185862
-44.100056,261,14718.157883
16.700005,113,14724.180858
-24.699999,67,14727.450515
-8.200087,342,14744.288075
-30.200003,122,14750.213351
-61.799934,438,14771.137697
-429.41592,4154,14771.423579
-64.59989,466,14793.817369
-221.70308,2057,14869.005637
-221.40309,2034,14968.048683
-677.9864,6600,15111.045729
-18.3,3,15111.289566
-24.499998,65,15114.598058
-379.81274,3618,15142.40952
21.6,24,15143.565952
-50.200077,322,15159.306432
-116.5991,986,15162.740376
-103.2993,853,15204.732145
-47.200066,292,15219.112572
-18.4,4,15219.356591
21.9,41,15221.383909
-152.99892,1350,15225.715734
-355.21124,3372,15384.415967
-1546.8743,15291,15398.109618
-161.49944,1435,15453.85658
-38.300034,203,15463.329523
22.4,36,15465.059678
23.3,27,15466.568666
-61.199944,432,15486.890718
-736.8608,7649,15604.560563
-26.399996,84,15609.086664
22.0,40,15611.108284
-447.8169,4298,15615.411719
-28.599997,106,15616.186121
19.300001,67,15619.339964
-32.10001,141,15627.036639
-19.9,19,15627.958569
21.0,70,15631.23367
-52.80007,348,15633.087248
19.4,66,15634.749823
-21.6,36,15636.720615
20.699999,93,15638.290457
-23.5,55,15639.88111
23.1,29,15639.881158
18.9,51,15643.182045
21.4,86,15645.324945
20.9,51,15647.879557
-29.4,114,15654.346006
-45.900063,279,15659.253476
13.600001,144,15663.923132
-35.700024,177,15673.668574
23.3,67,15676.864233
-22.8,48,15679.114182
-398.01385,3800,15688.156557
-43.500053,255,15691.179274
-38.700035,207,15698.36011
-39.700047,237,15702.691269
-38.900036,229,15709.325257
21.599998,44,15711.393235
21.1,29,15712.824676
19.0,90,15717.176144
-58.599983,406,15722.563653
18.900002,111,15722.973113
-74.59975,586,15753.805921
-51.900085,339,15770.037353
20.5,55,15772.684091
-289.10733,2731,15797.012858
22.099998,59,15800.165112
-18.9,9,15800.619261
-34.90002,169,15809.699812
-21.3,53,15812.314507
20.0,100,15817.331875
-31.90001,139,15823.87987
-19.7,17,15824.708847
23.6,24,15825.878888
-20.800001,28,15827.224477
23.4,26,15828.478562
-240.40425,2224,15834.461256
-33.700016,157,15841.777607
22.8,32,15843.387247
-20.1,21,15844.449121
18.7,73,15848.127574
-21.0,30,15849.6563
21.199999,48,15852.112985
24.0,20,15853.236806
22.8,32,15854.898526
-38.100033,201,15864.747935
-233.60384,2156,15879.774848
-62.299927,443,15886.218291
-19.1,11,15886.770258
-47.90007,299,15901.115939
-169.79991,1538,15903.410451
-24.399998,64,15904.305734
21.5,65,15906.566904
-24.499998,65,15907.400901
-30.200003,122,15913.283049
21.0,50,15915.749667
-99.19936,812,15918.873859
20.7,93,15920.341415
-25.499998,75,15922.456931
21.199999,28,15923.781318
-22.7,47,15926.050623
-102.69931,867,15968.375939
18.5,95,15973.170707
-25.099998,71,15976.576509
21.4,66,15979.770026
13.299996,147,15986.772408
-223.90324,2059,16006.39462
-37.000027,190,16015.467485
-21.0,50,16017.949812
23.199999,48,16020.372873
-19.800001,18,16021.240468
-24.999998,70,16024.795351
22.8,32,16026.306557
-20.7,27,16027.590937
23.5,25,16028.789662
23.6,44,16030.904048
-23.5,55,16033.52794
-260.50546,2425,16037.777912
-19.800001,18,16038.739038
-131.09885,1151,16042.435816
-28.899998,109,16044.101987
-33.500015,155,16049.826195
-58.499985,405,16053.18326
-37.900032,199,16059.361624
-19.0,10,16059.940178
-91.99947,740,16088.836564
-80.699646,627,16090.140559
19.5,45,16091.031299
21.699999,43,16093.097734
-19.6,16,16093.903237
20.0,80,16094.153965
-22.1,41,16096.148498
-173.60017,1556,16119.227713
-26.899996,89,16123.613709
23.0,30,16125.135497
20.3,37,16126.923527
21.5,65,16129.986388
-92.39947,744,16132.229544
20.199999,98,16134.871464
-48.60007,306,16149.405256
-19.300001,13,16150.052132
-27.599995,96,16154.557969
-35.40002,174,16162.62525
-26.199997,82,16166.494168
-26.099997,81,16170.284437
-102.99931,870,16173.334884
-48.60007,306,16184.784819
-96.7994,788,16222.059805
20.1,59,16224.846733
-48.700073,327,16240.060246
-24.599998,66,16243.153425
21.3,47,16245.362684
-340.61035,3226,16247.197289
22.199999,38,16249.01771
-19.7,17,16249.839408
-31.300007,133,16256.270476
-41.900047,239,16256.977361
20.5,75,16261.482781
-19.300001,13,16262.342249
-22.7,47,16264.986351
21.5,65,16268.206703
21.4,46,16270.927337
-176.80037,1588,16337.132425
